--
-- JBoss, Home of Professional Open Source
-- Copyright 2013, Red Hat, Inc. and/or its affiliates, and individual
-- contributors by the @authors tag. See the copyright.txt in the
-- distribution for a full listing of individual contributors.
--
-- Licensed under the Apache License, Version 2.0 (the "License");
-- you may not use this file except in compliance with the License.
-- You may obtain a copy of the License at
-- http://www.apache.org/licenses/LICENSE-2.0
-- Unless required by applicable law or agreed to in writing, software
-- distributed under the License is distributed on an "AS IS" BASIS,
-- WITHOUT WARRANTIES OR CONDITIONS OF ANY KIND, either express or implied.
-- See the License for the specific language governing permissions and
-- limitations under the License.
--

-- You can use this file to load seed data into the database using SQL statements
insert into Member (id, name, email, phone_number) values (0, 'John Smith', 'john.smith@mailinator.com', '2125551212')

delete from Usuario
insert into Usuario (id, nome, email, senha, ativo) values (1, 'João da Silva', 'keller.diego+joao@gmail.com', 'senha', 'true')
insert into Usuario (id, nome, email, senha, ativo) values (2, 'Carlos de Souza', 'carlos@email.com', 'senha', 'false')
insert into Usuario (id, nome, email, senha, ativo) values (3, 'Maria de Oliveira', 'maria@email.com', 'senha', 'false')
insert into Usuario (id, nome, email, senha, ativo) values (4, 'Sandra de Souza', 'sandra@email.com', 'senha', 'true')

delete from Banner
insert into Banner (id, url) values (1, 'http://datafor.com.br/site/wp-content/uploads/2011/10/BANNER-INFORMATICA.jpg')
insert into Banner (id, url) values (2, 'http://www.lugonburton.com.br/uploads/LB/images/banner-produtos-servicos.png')
insert into Banner (id, url) values (3, 'http://datafor.com.br/site/wp-content/uploads/2011/10/banner-RECARGA.jpg')

delete from Produto
insert into Produto (id, nota, avaliacoes, categoria, nome, descricao, preco, quantidadeEmEstoque, urlFoto) values (1, 5, 1, 'Eletrônicos', 'Smart TV LED 32 Samsung UN32J4300', 'A Smart TV LED UN32J4300 Samsung conta com Wi-Fi integrado, ou seja, permite o acesso à internet sem a necessidade de nenhum acessório extra. Você tem acesso a uma série de conteúdos, que vão desde música e filmes até os mais diversos tipos de aplicativos. <br>Além disso, ela também conta com recursos como o Screen Mirroring, com o qual você pode desfrutar de conteúdos de dispositivos Móveis na sua TV e como o Connect Share Movie, que permite que você conecte um pen drive ou um disco rígido e curta filmes, fotos ou músicas! Com o Modo Futebol é como se você estivesse realmente no jogo. Ele exibe, de forma precisa e viva, a grama verde do campo e todas as outras cores do estádio. Um poderoso efeito de som multi-surround também permite que você ouça toda a empolgação.', 1281.55, 25, 'http://i.mlcdn.com.br/470x352/smart-tv-led-32-samsung-un32j4300conversor-integrado-dtv-2-hdmi-1-usb-wi-fi-193365700.jpg')
insert into Produto (id, nota, avaliacoes, categoria, nome, descricao, preco, quantidadeEmEstoque, urlFoto) values (2, 5, 2, 'Eletrônicos', 'Smartphone', 'Com relação ao uso, os notebooks são para aquelas pessoas que realizam tarefas diversificadas no computador e buscam um equipamento mais completo em termos de funcionaldiade.', 789.56, 25, 'http://i.mlcdn.com.br/1500x1500/smartphone-motorola-moto-g-4-geracao-16gb-pretodual-chip-4g-cam.-13mp-selfie-5mp-tela-5.5-34-216234800.jpg')
insert into Produto (id, nota, avaliacoes, categoria, nome, descricao, preco, quantidadeEmEstoque, urlFoto) values (3, 3, 3, 'Eletrônicos', 'Mini System', 'Com relação ao uso, os notebooks são para aquelas pessoas que realizam tarefas diversificadas no computador e buscam um equipamento mais completo em termos de funcionaldiade.', 178.56, 25, 'http://i.mlcdn.com.br/1500x1500/mini-system-lg-1800w-rms-mp3dual-usb-multi-bluetooth-cm8350-051082400.jpg')
insert into Produto (id, nota, avaliacoes, categoria, nome, descricao, preco, quantidadeEmEstoque, urlFoto) values (4, 2, 4, 'Eletrônicos', 'Home Theather', 'Com relação ao uso, os notebooks são para aquelas pessoas que realizam tarefas diversificadas no computador e buscam um equipamento mais completo em termos de funcionaldiade.', 125.56, 25, 'http://i.mlcdn.com.br/1249x502/home-theater-philips-htd5580x-78-1000w-rms5.1-canais-bluetooth-conexao-hdmi-e-usb-200556700.jpg')
insert into Produto (id, nota, avaliacoes, categoria, nome, descricao, preco, quantidadeEmEstoque, urlFoto) values (5, 1, 5, 'Eletrônicos', 'Mack Book', 'Com relação ao uso, os notebooks são para aquelas pessoas que realizam tarefas diversificadas no computador e buscam um equipamento mais completo em termos de funcionaldiade.', 984.56, 25, 'http://i.mlcdn.com.br/1249x502/macbook-air-led-11-6-apple-mjvp2bz-a-prataintel-core-i5-4gb-256gb-os-x-yosemite-213474500.jpg')
insert into Produto (id, nota, avaliacoes, categoria, nome, descricao, preco, quantidadeEmEstoque, urlFoto) values (6, 3, 6, 'Eletrônicos', 'Notebook Acer', 'Com relação ao uso, os notebooks são para aquelas pessoas que realizam tarefas diversificadas no computador e buscam um equipamento mais completo em termos de funcionaldiade.', 1234.56, 25, 'http://i.mlcdn.com.br/1249x502/notebook-acer-aspire-e5-intel-core-i78gb-1tb-led-15-6-34-placa-de-video-2gb-windows-10-135229500.jpg')
insert into Produto (id, nota, avaliacoes, categoria, nome, descricao, preco, quantidadeEmEstoque, urlFoto) values (7, 2, 7, 'Eletrônicos', 'Projetor', 'Com relação ao uso, os notebooks são para aquelas pessoas que realizam tarefas diversificadas no computador e buscam um equipamento mais completo em termos de funcionaldiade.', 68.56, 25, 'http://i.mlcdn.com.br/1249x502/projetor-benq-mx620st-3000-lumensresolucao-nativa-1249x502-hdmi-usb-210592400.jpg')
insert into Produto (id, nota, avaliacoes, categoria, nome, descricao, preco, quantidadeEmEstoque, urlFoto) values (8, 4, 8, 'Eletrônicos', 'Impressora', 'Com relação ao uso, os notebooks são para aquelas pessoas que realizam tarefas diversificadas no computador e buscam um equipamento mais completo em termos de funcionaldiade.', 789.56, 25, 'http://i.mlcdn.com.br/1249x502/impressora-hp-officejet-pro-6230jato-de-tinta-colorida-wi-fi-usb-2.0-211588800.jpg')
insert into Produto (id, nota, avaliacoes, categoria, nome, descricao, preco, quantidadeEmEstoque, urlFoto) values (9, 4, 9, 'Eletrônicos', 'Pendrive', 'Com relação ao uso, os notebooks são para aquelas pessoas que realizam tarefas diversificadas no computador e buscam um equipamento mais completo em termos de funcionaldiade.', 45.56, 25, 'http://i.mlcdn.com.br/1249x502/pen-drive-16gb-sandiskcruzer-blade-software-secureaccess-204373200.jpg')

insert into Produto (id, nota, avaliacoes, categoria, nome, descricao, preco, quantidadeEmEstoque, urlFoto) values (10, 3, 1, 'Móveis', 'Guarda Roupa', 'A Smart TV LED UN32J4300 Samsung conta com Wi-Fi integrado, ou seja, permite o acesso à internet sem a necessidade de nenhum acessório extra. Você tem acesso a uma série de conteúdos, que vão desde música e filmes até os mais diversos tipos de aplicativos. <br>Além disso, ela também conta com recursos como o Screen Mirroring, com o qual você pode desfrutar de conteúdos de dispositivos Móveis na sua TV e como o Connect Share Movie, que permite que você conecte um pen drive ou um disco rígido e curta filmes, fotos ou músicas! Com o Modo Futebol é como se você estivesse realmente no jogo. Ele exibe, de forma precisa e viva, a grama verde do campo e todas as outras cores do estádio. Um poderoso efeito de som multi-surround também permite que você ouça toda a empolgação.', 1281.55, 25, 'http://i.mlcdn.com.br/1249x502/guarda-roupa-casal-4-portas-com-espelho-6-gavetasaraplac-sofia-123494994.jpg')
insert into Produto (id, nota, avaliacoes, categoria, nome, descricao, preco, quantidadeEmEstoque, urlFoto) values (11, 4, 2, 'Móveis', 'Cozinha', 'Com relação ao uso, os notebooks são para aquelas pessoas que realizam tarefas diversificadas no computador e buscam um equipamento mais completo em termos de funcionaldiade.', 78.56, 25, 'http://i.mlcdn.com.br/1249x502/cozinha-compacta-itatiaia-criativa11-portas-073779570.jpg')
insert into Produto (id, nota, avaliacoes, categoria, nome, descricao, preco, quantidadeEmEstoque, urlFoto) values (12, 5, 3, 'Móveis', 'Rack', 'Com relação ao uso, os notebooks são para aquelas pessoas que realizam tarefas diversificadas no computador e buscam um equipamento mais completo em termos de funcionaldiade.', 95.56, 25, 'http://i.mlcdn.com.br/1249x502/rack-para-tv-ate-47-1-portas-de-correr-artelytreviso-214566900.jpg')
insert into Produto (id, nota, avaliacoes, categoria, nome, descricao, preco, quantidadeEmEstoque, urlFoto) values (13, 2, 7, 'Móveis', 'Cama Box', 'Com relação ao uso, os notebooks são para aquelas pessoas que realizam tarefas diversificadas no computador e buscam um equipamento mais completo em termos de funcionaldiade.', 48.56, 25, 'http://i.mlcdn.com.br/1249x502/cama-box-casal-plumatex-conjugado-54cm-de-alturamonaco-214459300.jpg')
insert into Produto (id, nota, avaliacoes, categoria, nome, descricao, preco, quantidadeEmEstoque, urlFoto) values (14, 5, 5, 'Móveis', 'Colchão de casal', 'Com relação ao uso, os notebooks são para aquelas pessoas que realizam tarefas diversificadas no computador e buscam um equipamento mais completo em termos de funcionaldiade.', 456.56, 25, 'http://i.mlcdn.com.br/1500x1500/colchao-casal-ortobom-mola-28cm-de-alturaphysical-silver-premium-124353800.jpg')
insert into Produto (id, nota, avaliacoes, categoria, nome, descricao, preco, quantidadeEmEstoque, urlFoto) values (15, 2, 6, 'Móveis', 'Sofá', 'Com relação ao uso, os notebooks são para aquelas pessoas que realizam tarefas diversificadas no computador e buscam um equipamento mais completo em termos de funcionaldiade.', 123.56, 25, 'http://i.mlcdn.com.br/1249x502/sofa-cama-casal-2-lugares-com-revisteiro-lateralmatrix-daiane-122111808.jpg')
insert into Produto (id, nota, avaliacoes, categoria, nome, descricao, preco, quantidadeEmEstoque, urlFoto) values (16, 4, 7, 'Móveis', 'Painél para TV', 'Com relação ao uso, os notebooks são para aquelas pessoas que realizam tarefas diversificadas no computador e buscam um equipamento mais completo em termos de funcionaldiade.', 147.56, 25, 'http://i.mlcdn.com.br/1249x502/painel-com-suporte-para-tv-ate-47-slim1-prateleira-artely-212712100.jpg')
insert into Produto (id, nota, avaliacoes, categoria, nome, descricao, preco, quantidadeEmEstoque, urlFoto) values (17, 1, 8, 'Móveis', 'Mesa para computador', 'Com relação ao uso, os notebooks são para aquelas pessoas que realizam tarefas diversificadas no computador e buscam um equipamento mais completo em termos de funcionaldiade.', 987.56, 25, 'http://i.mlcdn.com.br/1249x502/escrivaninha-mesa-para-computador-2-portas3-gavetas-politorno-espanha-213952500.jpg')
insert into Produto (id, nota, avaliacoes, categoria, nome, descricao, preco, quantidadeEmEstoque, urlFoto) values (18, 4, 9, 'Móveis', 'Mesa com 4 cadeiras', 'Com relação ao uso, os notebooks são para aquelas pessoas que realizam tarefas diversificadas no computador e buscam um equipamento mais completo em termos de funcionaldiade.', 456.56, 25, 'http://i.mlcdn.com.br/1249x502/conjunto-de-mesa-com-4-cadeiras-estofadas-madesasofia-071408272.jpg')

insert into Produto (id, nota, avaliacoes, categoria, nome, descricao, preco, quantidadeEmEstoque, urlFoto) values (19, 3, 1, 'Eletrodomésticos', 'Ar Condicionado', 'A Smart TV LED UN32J4300 Samsung conta com Wi-Fi integrado, ou seja, permite o acesso à internet sem a necessidade de nenhum acessório extra. Você tem acesso a uma série de conteúdos, que vão desde música e filmes até os mais diversos tipos de aplicativos. <br>Além disso, ela também conta com recursos como o Screen Mirroring, com o qual você pode desfrutar de conteúdos de dispositivos Móveis na sua TV e como o Connect Share Movie, que permite que você conecte um pen drive ou um disco rígido e curta filmes, fotos ou músicas! Com o Modo Futebol é como se você estivesse realmente no jogo. Ele exibe, de forma precisa e viva, a grama verde do campo e todas as outras cores do estádio. Um poderoso efeito de som multi-surround também permite que você ouça toda a empolgação.', 1281.55, 25, 'http://i.mlcdn.com.br/1249x502/ar-condicionado-split-philco-12000-btusquente-frio-ph12000qfm3-011477200.jpg')
insert into Produto (id, nota, avaliacoes, categoria, nome, descricao, preco, quantidadeEmEstoque, urlFoto) values (20, 5, 2, 'Eletrodomésticos', 'Geladeira', 'Com relação ao uso, os notebooks são para aquelas pessoas que realizam tarefas diversificadas no computador e buscam um equipamento mais completo em termos de funcionaldiade.', 58.56, 25, 'http://i.mlcdn.com.br/1500x1500/geladeira-refrigerador-consul-frost-free-duplex437l-platinum-bem-estar-painel-touch-crm55ak-013020200.jpg')
insert into Produto (id, nota, avaliacoes, categoria, nome, descricao, preco, quantidadeEmEstoque, urlFoto) values (21, 2, 3, 'Eletrodomésticos', 'Lava Roupas', 'Com relação ao uso, os notebooks são para aquelas pessoas que realizam tarefas diversificadas no computador e buscam um equipamento mais completo em termos de funcionaldiade.', 69.56, 25, 'http://i.mlcdn.com.br/1500x1500/lavadora-de-roupas-11kg-brastempbwk11abana-010555700.jpg')
insert into Produto (id, nota, avaliacoes, categoria, nome, descricao, preco, quantidadeEmEstoque, urlFoto) values (22, 1, 4, 'Eletrodomésticos', 'Fogão', 'Com relação ao uso, os notebooks são para aquelas pessoas que realizam tarefas diversificadas no computador e buscam um equipamento mais completo em termos de funcionaldiade.', 123.56, 25, 'http://i.mlcdn.com.br/1249x502/fogao-5-bocas-esmaltec-jadesuper-chama-e-forno-autolimpante-012258400.jpg')
insert into Produto (id, nota, avaliacoes, categoria, nome, descricao, preco, quantidadeEmEstoque, urlFoto) values (23, 5, 5, 'Eletrodomésticos', 'Micro-ondas', 'Com relação ao uso, os notebooks são para aquelas pessoas que realizam tarefas diversificadas no computador e buscam um equipamento mais completo em termos de funcionaldiade.', 698.56, 25, 'http://i.mlcdn.com.br/1249x502/micro-ondas-brastemp-ative-bmj38ar38l-inox-com-funcao-grill-084243100.jpg')
insert into Produto (id, nota, avaliacoes, categoria, nome, descricao, preco, quantidadeEmEstoque, urlFoto) values (24, 3, 6, 'Eletrodomésticos', 'Forno', 'Com relação ao uso, os notebooks são para aquelas pessoas que realizam tarefas diversificadas no computador e buscam um equipamento mais completo em termos de funcionaldiade.', 874.56, 25, 'http://i.mlcdn.com.br/1249x502/forno-a-gas-de-embutir-brastemp-clean-boa61arrna77l-inox-com-grill-e-timer-201035500.jpg')
insert into Produto (id, nota, avaliacoes, categoria, nome, descricao, preco, quantidadeEmEstoque, urlFoto) values (25, 4, 7, 'Eletrodomésticos', 'Máquina de Costura', 'Com relação ao uso, os notebooks são para aquelas pessoas que realizam tarefas diversificadas no computador e buscam um equipamento mais completo em termos de funcionaldiade.', 125.56, 25, 'http://i.mlcdn.com.br/1249x502/maquina-de-costura-eletronica-singer-brilliancecom-56-pontos-e-4-tipos-de-casa-de-botao-e-luz-led-201047600.jpg')
insert into Produto (id, nota, avaliacoes, categoria, nome, descricao, preco, quantidadeEmEstoque, urlFoto) values (26, 2, 8, 'Eletrodomésticos', 'Cooktop', 'Com relação ao uso, os notebooks são para aquelas pessoas que realizam tarefas diversificadas no computador e buscam um equipamento mais completo em termos de funcionaldiade.', 985.56, 25, 'http://i.mlcdn.com.br/1249x502/cooktop-5-bocas-brastemp-ative-bdt85a-gas-com-funcao-touch-timer-080261000.jpg')
insert into Produto (id, nota, avaliacoes, categoria, nome, descricao, preco, quantidadeEmEstoque, urlFoto) values (27, 4, 9, 'Eletrodomésticos', 'Coifa', 'Com relação ao uso, os notebooks são para aquelas pessoas que realizam tarefas diversificadas no computador e buscam um equipamento mais completo em termos de funcionaldiade.', 635.56, 25, 'http://i.mlcdn.com.br/1500x1500/coifa-de-parede-fogatti-cvc-slim-inox-75cm3-velocidades-213442700.jpg')

delete from Avaliacao
insert into Avaliacao (id, produtoId, data, usuario_id, nota, titulo, descricao) values (1, 1, '2016-06-19 15:58:00', 1, 5, 'Muito boa 1', 'Excelente resolução 1.')
insert into Avaliacao (id, produtoId, data, usuario_id, nota, titulo, descricao) values (2, 1, '2016-06-18 15:58:00', 1, 4, 'Muito boa 2', 'Excelente resolução 2.')
insert into Avaliacao (id, produtoId, data, usuario_id, nota, titulo, descricao) values (3, 1, '2016-06-17 15:58:00', 1, 3, 'Muito boa 3', 'Excelente resolução 3.')
insert into Avaliacao (id, produtoId, data, usuario_id, nota, titulo, descricao) values (4, 2, '2016-06-20 15:58:00', 1, 5, 'Muito boa', 'Excelente resolução.')
insert into Avaliacao (id, produtoId, data, usuario_id, nota, titulo, descricao) values (5, 2, '2016-06-20 15:58:00', 1, 5, 'Muito boa', 'Excelente resolução.')
insert into Avaliacao (id, produtoId, data, usuario_id, nota, titulo, descricao) values (6, 2, '2016-06-20 15:58:00', 1, 5, 'Muito boa', 'Excelente resolução.')
insert into Avaliacao (id, produtoId, data, usuario_id, nota, titulo, descricao) values (7, 2, '2016-06-20 15:58:00', 1, 5, 'Muito boa', 'Excelente resolução.')
insert into Avaliacao (id, produtoId, data, usuario_id, nota, titulo, descricao) values (8, 3, '2016-06-20 15:58:00', 1, 5, 'Muito boa', 'Excelente resolução.')
insert into Avaliacao (id, produtoId, data, usuario_id, nota, titulo, descricao) values (9, 3, '2016-06-20 15:58:00', 1, 5, 'Muito boa', 'Excelente resolução.')
insert into Avaliacao (id, produtoId, data, usuario_id, nota, titulo, descricao) values (10, 3, '2016-06-20 15:58:00', 1, 5, 'Muito boa', 'Excelente resolução.')
insert into Avaliacao (id, produtoId, data, usuario_id, nota, titulo, descricao) values (11, 4, '2016-06-20 15:58:00', 1, 5, 'Muito boa', 'Excelente resolução.')
insert into Avaliacao (id, produtoId, data, usuario_id, nota, titulo, descricao) values (12, 4, '2016-06-20 15:58:00', 1, 5, 'Muito boa', 'Excelente resolução.')
insert into Avaliacao (id, produtoId, data, usuario_id, nota, titulo, descricao) values (13, 4, '2016-06-20 15:58:00', 1, 5, 'Muito boa', 'Excelente resolução.')
insert into Avaliacao (id, produtoId, data, usuario_id, nota, titulo, descricao) values (14, 4, '2016-06-20 15:58:00', 1, 5, 'Muito boa', 'Excelente resolução.')
insert into Avaliacao (id, produtoId, data, usuario_id, nota, titulo, descricao) values (15, 5, '2016-06-20 15:58:00', 1, 5, 'Muito boa', 'Excelente resolução.')
insert into Avaliacao (id, produtoId, data, usuario_id, nota, titulo, descricao) values (16, 5, '2016-06-20 15:58:00', 1, 5, 'Muito boa', 'Excelente resolução.')
insert into Avaliacao (id, produtoId, data, usuario_id, nota, titulo, descricao) values (17, 5, '2016-06-20 15:58:00', 1, 5, 'Muito boa', 'Excelente resolução.')
insert into Avaliacao (id, produtoId, data, usuario_id, nota, titulo, descricao) values (18, 5, '2016-06-20 15:58:00', 1, 5, 'Muito boa', 'Excelente resolução.')
insert into Avaliacao (id, produtoId, data, usuario_id, nota, titulo, descricao) values (19, 6, '2016-06-20 15:58:00', 1, 5, 'Muito boa', 'Excelente resolução.')
insert into Avaliacao (id, produtoId, data, usuario_id, nota, titulo, descricao) values (20, 6, '2016-06-20 15:58:00', 1, 5, 'Muito boa', 'Excelente resolução.')
insert into Avaliacao (id, produtoId, data, usuario_id, nota, titulo, descricao) values (21, 6, '2016-06-20 15:58:00', 1, 5, 'Muito boa', 'Excelente resolução.')
insert into Avaliacao (id, produtoId, data, usuario_id, nota, titulo, descricao) values (22, 7, '2016-06-20 15:58:00', 1, 5, 'Muito boa', 'Excelente resolução.')
insert into Avaliacao (id, produtoId, data, usuario_id, nota, titulo, descricao) values (23, 8, '2016-06-20 15:58:00', 1, 5, 'Muito boa', 'Excelente resolução.')
insert into Avaliacao (id, produtoId, data, usuario_id, nota, titulo, descricao) values (24, 8, '2016-06-20 15:58:00', 1, 5, 'Muito boa', 'Excelente resolução.')
insert into Avaliacao (id, produtoId, data, usuario_id, nota, titulo, descricao) values (25, 9, '2016-06-20 15:58:00', 1, 5, 'Muito boa', 'Excelente resolução.')
insert into Avaliacao (id, produtoId, data, usuario_id, nota, titulo, descricao) values (26, 9, '2016-06-20 15:58:00', 1, 5, 'Muito boa', 'Excelente resolução.')
insert into Avaliacao (id, produtoId, data, usuario_id, nota, titulo, descricao) values (27, 10, '2016-06-20 15:58:00', 1, 5, 'Muito boa', 'Excelente resolução.')
insert into Avaliacao (id, produtoId, data, usuario_id, nota, titulo, descricao) values (28, 11, '2016-06-20 15:58:00', 1, 5, 'Muito boa', 'Excelente resolução.')
insert into Avaliacao (id, produtoId, data, usuario_id, nota, titulo, descricao) values (29, 12, '2016-06-20 15:58:00', 1, 5, 'Muito boa', 'Excelente resolução.')
insert into Avaliacao (id, produtoId, data, usuario_id, nota, titulo, descricao) values (30, 13, '2016-06-20 15:58:00', 1, 5, 'Muito boa', 'Excelente resolução.')
insert into Avaliacao (id, produtoId, data, usuario_id, nota, titulo, descricao) values (31, 14, '2016-06-20 15:58:00', 1, 5, 'Muito boa', 'Excelente resolução.')
insert into Avaliacao (id, produtoId, data, usuario_id, nota, titulo, descricao) values (32, 15, '2016-06-20 15:58:00', 1, 5, 'Muito boa', 'Excelente resolução.')
insert into Avaliacao (id, produtoId, data, usuario_id, nota, titulo, descricao) values (33, 16, '2016-06-20 15:58:00', 1, 5, 'Muito boa', 'Excelente resolução.')
insert into Avaliacao (id, produtoId, data, usuario_id, nota, titulo, descricao) values (34, 17, '2016-06-20 15:58:00', 1, 5, 'Muito boa', 'Excelente resolução.')
insert into Avaliacao (id, produtoId, data, usuario_id, nota, titulo, descricao) values (35, 18, '2016-06-20 15:58:00', 1, 5, 'Muito boa', 'Excelente resolução.')
insert into Avaliacao (id, produtoId, data, usuario_id, nota, titulo, descricao) values (36, 18, '2016-06-20 15:58:00', 1, 5, 'Muito boa', 'Excelente resolução.')
insert into Avaliacao (id, produtoId, data, usuario_id, nota, titulo, descricao) values (37, 19, '2016-06-20 15:58:00', 1, 5, 'Muito boa', 'Excelente resolução.')
insert into Avaliacao (id, produtoId, data, usuario_id, nota, titulo, descricao) values (38, 20, '2016-06-20 15:58:00', 1, 5, 'Muito boa', 'Excelente resolução.')
insert into Avaliacao (id, produtoId, data, usuario_id, nota, titulo, descricao) values (39, 21, '2016-06-20 15:58:00', 1, 5, 'Muito boa', 'Excelente resolução.')
insert into Avaliacao (id, produtoId, data, usuario_id, nota, titulo, descricao) values (40, 21, '2016-06-20 15:58:00', 1, 5, 'Muito boa', 'Excelente resolução.')
insert into Avaliacao (id, produtoId, data, usuario_id, nota, titulo, descricao) values (41, 22, '2016-06-20 15:58:00', 1, 5, 'Muito boa', 'Excelente resolução.')
insert into Avaliacao (id, produtoId, data, usuario_id, nota, titulo, descricao) values (42, 23, '2016-06-20 15:58:00', 1, 5, 'Muito boa', 'Excelente resolução.')
insert into Avaliacao (id, produtoId, data, usuario_id, nota, titulo, descricao) values (43, 24, '2016-06-20 15:58:00', 1, 5, 'Muito boa', 'Excelente resolução.')
insert into Avaliacao (id, produtoId, data, usuario_id, nota, titulo, descricao) values (44, 25, '2016-06-20 15:58:00', 1, 5, 'Muito boa', 'Excelente resolução.')
insert into Avaliacao (id, produtoId, data, usuario_id, nota, titulo, descricao) values (45, 26, '2016-06-20 15:58:00', 1, 5, 'Muito boa', 'Excelente resolução.')
insert into Avaliacao (id, produtoId, data, usuario_id, nota, titulo, descricao) values (46, 27, '2016-06-20 15:58:00', 1, 5, 'Muito boa', 'Excelente resolução.')
insert into Avaliacao (id, produtoId, data, usuario_id, nota, titulo, descricao) values (47, 27, '2016-06-20 15:58:00', 1, 5, 'Muito boa', 'Excelente resolução.')
insert into Avaliacao (id, produtoId, data, usuario_id, nota, titulo, descricao) values (48, 27, '2016-06-20 15:58:00', 1, 5, 'Muito boa', 'Excelente resolução.')
